genre,query
pop,relaxing pop music to unwind
pop,best pop songs
pop,latest pop playlist
pop,top pop tracks
rock,trending rock songs
rock,popular rock music to listen to
rock,top rock tracks
rock,best rock songs
rap,most loved rap songs
rap,top rap tracks
rap,trending rap songs
rap,relaxing rap music to unwind
electronic,best electronic songs
electronic,electronic hits 2024
electronic,top 10 electronic songs
electronic,trending electronic songs
bollywood,top 10 bollywood songs
bollywood,trending bollywood songs
bollywood,best bollywood songs
bollywood,latest bollywood playlist
classical,latest classical playlist
classical,relaxing classical music to unwind
classical,top 10 classical songs
classical,classical hits 2024
jazz,best jazz songs
jazz,relaxing jazz music to unwind
jazz,most loved jazz songs
jazz,popular jazz music to listen to
lo-fi,latest lo-fi playlist
lo-fi,trending lo-fi songs
lo-fi,soothing lo-fi mix
lo-fi,top lo-fi tracks
devotional,latest devotional playlist
devotional,trending devotional songs
devotional,soothing devotional mix
devotional,devotional hits 2024
romantic,top 10 romantic songs
romantic,romantic hits 2024
romantic,most loved romantic songs
romantic,popular romantic music to listen to
indie,soothing indie mix
indie,latest indie playlist
indie,top 10 indie songs
indie,trending indie songs
instrumental,top instrumental tracks
instrumental,popular instrumental music to listen to
instrumental,relaxing instrumental music to unwind
instrumental,most loved instrumental songs
pop rock,relaxing pop and rock music to unwind
pop rock,best pop and rock songs
pop rock,latest pop and rock playlist
pop rock,top pop and rock tracks
electronic rock,relaxing electronic and rock music to unwind
electronic rock,best electronic and rock songs
electronic rock,latest electronic and rock playlist
electronic rock,top electronic and rock tracks
